First Name,Last Name,Email,Profession,Chapter Name,Company Name,Website,Address,Postcode,Phone number,Status,Join Date,Renewal Date,Sponsor
Laura,Paullin,lpaullin0@nifty.com,VP Marketing,Paucek-Krajcik,Plambee,http://house.gov,100 Blue Bill Park Pass,22501,508-978-9477,false,14/11/2022,14/07/2022,Laura Paullin
Dimitri,Mackinder,dmackinder1@unblog.fr,Software Engineer IV,"Davis, Hickle and Fay",Browsebug,https://marriott.com,5451 Lerdahl Avenue,,291-864-1806,false,17/03/2023,11/03/2023,Dimitri Mackinder
Dynah,Eplett,deplett2@linkedin.com,Analog Circuit Design manager,"Reynolds, Fisher and Conn",Demimbu,https://123-reg.co.uk,686 Old Gate Plaza,,275-613-1665,false,07/08/2022,18/05/2022,Dynah Eplett
Andrus,McPartlin,amcpartlin3@geocities.jp,Mechanical Systems Engineer,Bradtke-Simonis,Dynabox,https://cbc.ca,7093 Tony Hill,3461,897-314-7997,false,21/01/2023,04/02/2022,Andrus McPartlin
Caralie,Ingree,cingree4@forbes.com,Analog Circuit Design manager,Pfannerstill LLC,Skyba,https://tiny.cc,4928 Logan Park,47685,891-162-3288,false,22/01/2023,10/07/2022,Caralie Ingree
Lanie,Hrycek,lhrycek5@examiner.com,Cost Accountant,Weissnat Inc,Quinu,http://va.gov,28780 Eagle Crest Place,,728-410-5405,false,05/11/2022,30/01/2023,Lanie Hrycek
Angie,Downe,adowne6@bandcamp.com,Registered Nurse,"Fay, Cole and Herzog",Meezzy,http://slideshare.net,52994 Grover Court,,809-658-0733,false,25/11/2022,13/07/2022,Angie Downe
Zebulen,Readings,zreadings7@house.gov,General Manager,Graham and Sons,Mudo,https://stanford.edu,5 Mcguire Circle,,672-292-8547,true,22/04/2022,28/08/2022,Zebulen Readings
Alexia,Van der Beken,avan8@baidu.com,Mechanical Systems Engineer,Breitenberg LLC,Babbleset,http://wp.com,4 Prairieview Place,,921-526-7194,true,29/04/2022,22/01/2022,Alexia Van der Beken
Cassandra,Stolz,cstolz9@jugem.jp,Associate Professor,"Nicolas, Ortiz and Dach",Flipopia,https://sogou.com,98024 4th Trail,346018,332-445-9366,false,23/03/2022,22/08/2022,Cassandra Stolz
Vivyan,Whitmore,vwhitmorea@cpanel.net,Occupational Therapist,"Kuphal, Adams and Crona",Chatterbridge,http://reference.com,78220 Chinook Place,37240,615-339-0264,false,31/01/2023,07/11/2022,Vivyan Whitmore
Martelle,Tanti,mtantib@furl.net,Financial Analyst,Funk LLC,Devpulse,http://weibo.com,5096 Merchant Place,R6M,397-576-0644,true,08/03/2023,02/04/2022,Martelle Tanti
Doretta,Osment,dosmentc@va.gov,Sales Associate,Kub Group,Jabbersphere,http://blogs.com,8 Milwaukee Drive,2755-013,209-111-2734,false,19/03/2022,28/01/2023,Doretta Osment
Leese,Siebert,lsiebertd@google.ca,Payment Adjustment Coordinator,Pollich and Sons,Skivee,http://freewebs.com,6 Michigan Pass,,355-849-9015,false,24/03/2022,14/02/2022,Leese Siebert
Shamus,Kunzelmann,skunzelmanne@pagesperso-orange.fr,Web Developer IV,Langosh-Kling,Leenti,https://kickstarter.com,43 Bayside Hill,,414-966-6968,true,28/07/2022,17/11/2022,Shamus Kunzelmann
Abdul,Truett,atruettf@bbc.co.uk,VP Marketing,"Leffler, Connelly and Schuppe",Babbleopia,https://cbslocal.com,82 Nobel Place,,809-877-8542,false,09/08/2022,05/08/2022,Abdul Truett
Kale,Garman,kgarmang@tinypic.com,Internal Auditor,Renner Group,Meedoo,http://bizjournals.com,3605 Miller Center,184021,748-273-4379,false,05/02/2022,18/10/2022,Kale Garman
Lombard,Lund,llundh@digg.com,Assistant Professor,"Bednar, Goodwin and D'Amore",Cogibox,https://ycombinator.com,2908 Onsgard Place,3230,700-655-6776,true,14/09/2022,28/02/2023,Lombard Lund
Vassili,Laughrey,vlaughreyi@illinois.edu,Structural Engineer,"Mueller, Langosh and Pfannerstill",Tazzy,http://cbsnews.com,174 Northport Hill,62280-000,348-913-0865,true,07/02/2022,10/01/2023,Vassili Laughrey
Edi,Condliffe,econdliffej@sitemeter.com,Database Administrator I,Cummerata Group,Dabvine,http://sbwire.com,7 Evergreen Point,,836-730-7287,true,09/02/2023,25/05/2022,Edi Condliffe
Lenard,Gatteridge,lgatteridgek@reference.com,General Manager,Effertz-Von,Ooba,http://imageshack.us,561 Katie Drive,05004 CEDEX,417-997-6326,true,25/07/2022,09/03/2022,Lenard Gatteridge
Hillel,McKag,hmckagl@devhub.com,Sales Representative,Lesch LLC,Gigabox,https://google.ca,40 Mallory Drive,80945,719-463-5943,false,23/02/2023,13/01/2023,Hillel McKag
Ronald,Tumilty,rtumiltym@newsvine.com,Executive Secretary,"Crist, Schmitt and Shanahan",Realfire,http://google.nl,20942 Emmet Alley,352189,484-947-8603,true,16/12/2022,18/01/2023,Ronald Tumilty
Kissie,Dusey,kduseyn@geocities.jp,Information Systems Manager,"Kris, Mosciski and Stiedemann",Yombu,https://posterous.com,951 Bonner Place,475038,418-143-3727,false,28/09/2022,07/12/2022,Kissie Dusey
Norene,Carney,ncarneyo@skype.com,Office Assistant II,"Smitham, Raynor and Gerhold",Wordware,http://drupal.org,92640 Parkside Road,,773-424-3227,true,21/11/2022,01/06/2022,Norene Carney
Noella,Frichley,nfrichleyp@mac.com,Help Desk Technician,"Bashirian, Rosenbaum and Konopelski",Kare,http://patch.com,11654 Bellgrove Trail,5035,440-753-6089,false,04/01/2023,09/01/2022,Noella Frichley
Jenna,Arnefield,jarnefieldq@tmall.com,Account Representative II,Kuhn-Bergstrom,Yakidoo,https://wordpress.org,16 Steensland Hill,,641-234-7569,true,16/08/2022,28/01/2023,Jenna Arnefield
Toinette,Golagley,tgolagleyr@altervista.org,Senior Cost Accountant,Trantow-Terry,Topiczoom,http://jimdo.com,89 Glendale Pass,,425-971-6294,false,21/01/2022,13/03/2023,Toinette Golagley
Bernard,Erskin,berskins@yahoo.co.jp,General Manager,Bailey and Sons,Jayo,https://drupal.org,454 Tennessee Terrace,,527-899-4322,false,30/12/2022,08/02/2023,Bernard Erskin
Eugen,Staner,estanert@e-recht24.de,Food Chemist,"Funk, VonRueden and Terry",Rhybox,http://digg.com,42811 Porter Circle,5029,460-159-8312,true,06/01/2023,25/03/2022,Eugen Staner
Arlie,Shah,ashahu@i2i.jp,Web Developer I,Treutel Group,Zoovu,http://rakuten.co.jp,46 Raven Court,,380-874-7907,false,26/01/2023,16/11/2022,Arlie Shah
Sibeal,Siegertsz,ssiegertszv@google.com,Senior Financial Analyst,Hahn-Schmeler,Zoomlounge,https://uiuc.edu,4 Starling Place,617724,919-627-5447,false,10/01/2022,22/01/2022,Sibeal Siegertsz
Cyndy,McLucas,cmclucasw@google.ru,Director of Sales,"Lebsack, Tromp and Brekke",Twitterbridge,https://dell.com,514 Mosinee Alley,,142-149-2848,false,25/02/2023,05/04/2022,Cyndy McLucas
Celestyn,Pieroni,cpieronix@skyrock.com,Systems Administrator II,"Armstrong, Daniel and Collins",Rhybox,https://woothemes.com,1 Mallory Pass,,508-136-8729,false,14/11/2022,12/09/2022,Celestyn Pieroni
Libbey,Blissett,lblissetty@tiny.cc,Physical Therapy Assistant,Hagenes Inc,Devify,https://scribd.com,8831 Hudson Road,,200-502-7980,true,26/12/2022,27/09/2022,Libbey Blissett
Marion,Hinkley,mhinkleyz@wiley.com,Paralegal,Bernhard-O'Connell,Skilith,https://alibaba.com,30 Porter Way,,740-684-8638,false,02/09/2022,07/10/2022,Marion Hinkley
Fergus,Redley,fredley10@jimdo.com,Environmental Tech,Durgan Inc,Edgetag,http://surveymonkey.com,71850 Mesta Lane,,586-995-5574,false,06/12/2022,30/01/2022,Fergus Redley
Sheff,Deetch,sdeetch11@berkeley.edu,Legal Assistant,"Paucek, Stoltenberg and Beier",Trupe,http://bloglovin.com,43191 Village Green Center,72404 CEDEX,599-945-8073,true,25/02/2023,16/11/2022,Sheff Deetch
Suzann,Shipsey,sshipsey12@fotki.com,Assistant Manager,Borer Group,Kayveo,http://google.co.jp,977 Gale Drive,4910-060,599-641-4071,true,21/01/2022,01/10/2022,Suzann Shipsey
Allis,De Biasi,ade13@freewebs.com,Assistant Professor,"Lakin, Wehner and Douglas",Gabspot,https://usnews.com,9185 Kim Circle,,610-329-4598,true,19/06/2022,08/07/2022,Allis De Biasi
Annabal,Chaperling,achaperling14@salon.com,Geologist I,Nienow-Homenick,Browsedrive,http://bbb.org,84 Dryden Street,,418-165-9664,true,19/01/2022,27/12/2022,Annabal Chaperling
Gav,Ary,gary15@prlog.org,Research Nurse,Olson Inc,Skynoodle,https://gizmodo.com,7 Carpenter Junction,46860-000,273-402-9005,false,19/02/2023,26/02/2022,Gav Ary
Mycah,Rubel,mrubel16@shutterfly.com,Staff Scientist,Kessler-Larson,Edgepulse,http://sphinn.com,8 Hansons Circle,,147-783-1873,true,31/12/2022,08/01/2022,Mycah Rubel
Solly,Pasticznyk,spasticznyk17@sina.com.cn,Programmer Analyst I,"Roberts, Kuhn and Schulist",Jabbersphere,https://csmonitor.com,55 Troy Alley,,262-566-7852,false,22/09/2022,12/11/2022,Solly Pasticznyk
Vasily,Dulwich,vdulwich18@tmall.com,GIS Technical Architect,Bahringer LLC,Dynazzy,http://usa.gov,52152 Novick Center,32-642,660-363-5668,true,27/01/2022,12/08/2022,Vasily Dulwich
Arvin,McNea,amcnea19@dell.com,Design Engineer,Abbott and Sons,Yakitri,http://wunderground.com,2 Golf View Parkway,,301-974-5953,false,26/05/2022,05/03/2022,Arvin McNea
Elsie,Grime,egrime1a@livejournal.com,Compensation Analyst,Watsica-Hodkiewicz,Trudoo,http://parallels.com,5324 Red Cloud Drive,,356-554-5130,true,15/10/2022,22/09/2022,Elsie Grime
Timothee,Pittem,tpittem1b@issuu.com,Professor,Terry Inc,Kaymbo,http://ftc.gov,61093 Lukken Road,,285-906-6422,false,29/06/2022,14/11/2022,Timothee Pittem
Cynthy,Grieves,cgrieves1c@hp.com,Legal Assistant,"Klein, Kuhn and Quitzon",Voonte,http://cdc.gov,09285 1st Park,,972-219-1159,true,03/05/2022,02/05/2022,Cynthy Grieves
Blakelee,Seakes,bseakes1d@aol.com,Food Chemist,Hermann-Hilll,Agimba,https://soup.io,36 Valley Edge Plaza,,655-148-0072,true,19/06/2022,05/03/2022,Blakelee Seakes
Clemmy,Picott,cpicott1e@php.net,VP Accounting,Schultz-Toy,Meetz,https://reuters.com,05 Sheridan Crossing,JE3,598-841-8685,true,27/01/2022,01/01/2023,Clemmy Picott
Morganica,Licence,mlicence1f@ucoz.com,Analyst Programmer,"Stamm, Medhurst and Bartoletti",Mydo,http://myspace.com,58 Stuart Center,,491-815-0969,true,18/04/2022,02/12/2022,Morganica Licence
Else,Mallabar,emallabar1g@networkadvertising.org,Sales Associate,Herzog-Dickens,Wikibox,http://state.gov,0247 Del Sol Terrace,,189-195-3087,true,21/11/2022,11/11/2022,Else Mallabar
Stinky,Madgin,smadgin1h@latimes.com,VP Marketing,"Parisian, Hand and Ferry",Skalith,http://ovh.net,4233 Manufacturers Trail,4650-089,754-563-5610,false,11/12/2022,25/01/2023,Stinky Madgin
Daren,O'Caherny,docaherny1i@friendfeed.com,Health Coach II,"Gleichner, Russel and Jerde",Zoovu,http://unicef.org,86 Del Sol Alley,,856-352-2792,false,17/11/2022,01/05/2022,Daren O'Caherny
Tiphani,MacCallister,tmaccallister1j@imgur.com,Mechanical Systems Engineer,"Moen, Torphy and Hane",Zoonder,https://photobucket.com,2 Tennyson Street,397815,838-649-0490,true,09/03/2023,25/09/2022,Tiphani MacCallister
Isa,Mackro,imackro1k@free.fr,Senior Quality Engineer,"Mann, Paucek and Oberbrunner",Linkbridge,https://a8.net,9 Cambridge Drive,10004,212-275-1920,true,27/09/2022,26/07/2022,Isa Mackro
Donella,Austick,daustick1l@phpbb.com,Software Test Engineer III,Herzog-Weber,Browsetype,https://acquirethisname.com,8 Artisan Lane,393194,843-850-2329,true,17/07/2022,09/03/2022,Donella Austick
Lilith,Sidary,lsidary1m@msn.com,Quality Engineer,Ledner Group,Ooba,http://smh.com.au,31796 Oneill Terrace,,818-353-5294,true,12/05/2022,13/09/2022,Lilith Sidary
Vonni,Leathard,vleathard1n@studiopress.com,Clinical Specialist,Padberg LLC,Dabvine,https://live.com,2164 Fairview Parkway,,961-800-6533,false,31/03/2022,12/03/2022,Vonni Leathard
Niven,Avramow,navramow1o@apple.com,Programmer IV,"Hamill, Stokes and Thiel",Roomm,http://yale.edu,93 Village Green Plaza,216642,171-241-8890,false,25/08/2022,21/09/2022,Niven Avramow
Augustus,Gulliver,agulliver1p@tmall.com,Health Coach II,Okuneva Inc,Gigazoom,http://live.com,80 Logan Way,4615-492,421-722-5883,false,12/10/2022,18/06/2022,Augustus Gulliver
Bobina,Pavolillo,bpavolillo1q@eventbrite.com,Senior Quality Engineer,"Harvey, Flatley and DuBuque",Dynabox,http://naver.com,98118 Anhalt Center,2100-309,665-433-5248,true,25/12/2022,05/05/2022,Bobina Pavolillo
Lora,Bevir,lbevir1r@cam.ac.uk,Speech Pathologist,"Murazik, Leuschke and Fahey",Vidoo,http://marketwatch.com,310 Erie Road,,905-799-3833,true,19/11/2022,18/09/2022,Lora Bevir
Katerine,Osband,kosband1s@timesonline.co.uk,GIS Technical Architect,Roob LLC,Realfire,https://tripod.com,6 Cherokee Place,,335-738-0031,true,22/09/2022,19/03/2023,Katerine Osband
Aguste,Jurkowski,ajurkowski1t@amazon.de,Tax Accountant,Brekke Group,Ailane,https://foxnews.com,76042 8th Street,5964,565-248-3072,false,05/04/2023,09/02/2022,Aguste Jurkowski
Francesca,Paur,fpaur1u@baidu.com,Developer II,Rath Inc,Topicware,http://hhs.gov,46 Evergreen Street,,472-144-3541,true,23/08/2022,23/06/2022,Francesca Paur
Hillier,Gannon,hgannon1v@joomla.org,Tax Accountant,"Corwin, Bauch and Moen",Centidel,https://goo.gl,1818 Starling Alley,,544-525-5820,true,09/01/2023,02/04/2022,Hillier Gannon
Griselda,Cawker,gcawker1w@geocities.jp,Desktop Support Technician,Wilkinson-Beahan,Yakitri,http://studiopress.com,34 Westerfield Junction,,169-309-2236,false,10/07/2022,29/07/2022,Griselda Cawker
Aprilette,Skirven,askirven1x@tinypic.com,Administrative Assistant I,"Collier, Paucek and Runte",Eayo,https://posterous.com,128 Armistice Junction,902,825-460-3304,true,18/11/2022,09/03/2023,Aprilette Skirven
Shermy,Wernham,swernham1y@amazonaws.com,Marketing Manager,Carroll-Fahey,Kazu,https://ucoz.ru,98398 Basil Hill,,779-543-7716,true,16/12/2022,21/03/2022,Shermy Wernham
Ailee,Jickells,ajickells1z@moonfruit.com,Cost Accountant,"Bauch, Lueilwitz and Crist",Skajo,http://aol.com,37524 Maple Hill,,582-205-6147,true,13/06/2022,30/11/2022,Ailee Jickells
Corly,McQueen,cmcqueen20@yolasite.com,Executive Secretary,Denesik and Sons,Pixope,http://phpbb.com,97818 Stephen Place,43-211,757-279-5682,false,16/03/2023,16/03/2022,Corly McQueen
Dannie,Menilove,dmenilove21@histats.com,Legal Assistant,"Kuhic, Haag and Medhurst",Skiptube,https://nifty.com,339 Butterfield Hill,4600,961-686-9302,false,14/01/2023,30/10/2022,Dannie Menilove
Arlyn,Redgate,aredgate22@gizmodo.com,Engineer II,"Murphy, Abshire and Cronin",Aivee,https://reuters.com,640 Stephen Lane,,855-120-9753,true,27/05/2022,18/09/2022,Arlyn Redgate
Jacquenetta,Fruen,jfruen23@forbes.com,Budget/Accounting Analyst II,"Franecki, Williamson and Rice",Wikido,https://narod.ru,655 Corry Center,,797-848-0645,true,29/01/2023,08/12/2022,Jacquenetta Fruen
Gonzalo,Skitteral,gskitteral24@hc360.com,Web Designer I,Hamill-Rempel,Gabtype,http://csmonitor.com,55793 Bonner Circle,,123-840-4280,false,11/10/2022,17/11/2022,Gonzalo Skitteral
Larissa,Viner,lviner25@tripod.com,Financial Analyst,Goyette LLC,Meevee,http://unicef.org,1908 Warner Terrace,,313-537-2929,false,17/05/2022,27/03/2023,Larissa Viner
Paulita,Garner,pgarner26@dedecms.com,Structural Analysis Engineer,McCullough Inc,Zooveo,https://nyu.edu,3618 Carey Circle,,730-366-3615,false,27/06/2022,25/09/2022,Paulita Garner
Jacques,Allcroft,jallcroft27@japanpost.jp,Account Executive,Jakubowski LLC,Wikido,http://51.la,41741 Butternut Park,,798-805-6191,true,21/01/2023,10/05/2022,Jacques Allcroft
Batholomew,Shone,bshone28@youtu.be,Operator,Kreiger Group,Yata,http://adobe.com,939 Anniversary Trail,,193-360-4738,false,13/09/2022,27/11/2022,Batholomew Shone
Ermentrude,Tincknell,etincknell29@ucoz.ru,Senior Sales Associate,Hartmann-Kemmer,Buzzster,https://seattletimes.com,3 3rd Parkway,,388-780-4241,true,24/03/2022,25/01/2022,Ermentrude Tincknell
Alyssa,Dexter,adexter2a@multiply.com,Business Systems Development Analyst,Turcotte-Connelly,Twitterbridge,http://howstuffworks.com,246 Porter Hill,26109 CEDEX,982-255-0059,false,27/02/2022,19/04/2022,Alyssa Dexter
Burg,Tamlett,btamlett2b@ehow.com,Statistician II,Kautzer Inc,Meejo,https://wordpress.com,5653 Valley Edge Pass,95960-000,259-918-0734,true,22/05/2022,30/03/2022,Burg Tamlett
Sean,Devennie,sdevennie2c@slashdot.org,Senior Financial Analyst,Mitchell Inc,Dabshots,https://goo.ne.jp,39253 Holmberg Center,427985,349-218-0749,false,02/10/2022,31/03/2022,Sean Devennie
Naomi,Baddow,nbaddow2d@usgs.gov,Food Chemist,"Oberbrunner, Bode and Littel",Tambee,https://mozilla.com,1 Ridgeview Avenue,326-0036,654-789-0884,false,20/01/2023,02/09/2022,Naomi Baddow
Koenraad,Milson,kmilson2e@soup.io,Analyst Programmer,Huel-Johnson,Dynava,https://facebook.com,71814 Utah Way,,501-588-4865,false,12/11/2022,27/12/2022,Koenraad Milson
Annabela,Visco,avisco2f@gravatar.com,Administrative Assistant IV,Ruecker Group,Dablist,https://ebay.com,0 Gulseth Hill,187327,507-877-4189,false,31/01/2023,17/03/2022,Annabela Visco
Nickie,Kenna,nkenna2g@blinklist.com,Accounting Assistant II,Heller Inc,Chatterbridge,http://twitpic.com,0 Kinsman Parkway,,303-761-9073,true,02/11/2022,18/01/2023,Nickie Kenna
Kellyann,Palia,kpalia2h@cpanel.net,Web Designer IV,Homenick LLC,Agivu,http://drupal.org,97034 Lake View Way,415088,823-393-8596,true,29/01/2023,23/01/2022,Kellyann Palia
Leelah,Lotterington,llotterington2i@biblegateway.com,Assistant Media Planner,"Hand, Hettinger and Haley",Dazzlesphere,http://discovery.com,564 Tennessee Hill,1789,283-387-4780,false,25/10/2022,07/09/2022,Leelah Lotterington
Cristiano,Stollery,cstollery2j@seesaa.net,Dental Hygienist,Dickinson-Sauer,Jaxspan,http://squidoo.com,0 Blue Bill Park Lane,,423-376-7410,true,20/09/2022,02/06/2022,Cristiano Stollery
Albertine,Cometto,acometto2k@bloomberg.com,Nuclear Power Engineer,Senger Inc,Talane,https://jalbum.net,1 American Ash Avenue,,578-617-5777,true,10/11/2022,12/09/2022,Albertine Cometto
Arabele,Dalziel,adalziel2l@apple.com,Computer Systems Analyst IV,Kiehn-Balistreri,Voolia,https://tmall.com,75623 Starling Plaza,86160-000,998-389-4142,false,02/01/2022,08/01/2023,Arabele Dalziel
Courtney,Grevel,cgrevel2m@blinklist.com,Information Systems Manager,"Rutherford, Daniel and Feeney",Yambee,http://examiner.com,5344 Nevada Alley,97-306,937-216-4379,true,09/09/2022,01/03/2023,Courtney Grevel
Kaycee,Walshe,kwalshe2n@usgs.gov,Senior Editor,"Bechtelar, Koss and Schuster",Jaxspan,https://ibm.com,00298 Aberg Terrace,,294-453-8276,false,13/08/2022,07/03/2023,Kaycee Walshe
Rachael,Manvell,rmanvell2o@usnews.com,Dental Hygienist,Kuphal Inc,Abatz,http://theguardian.com,14586 Shopko Crossing,,173-234-9686,true,27/03/2023,10/08/2022,Rachael Manvell
Kristin,Shrieve,kshrieve2p@cnbc.com,Nuclear Power Engineer,Bartell LLC,Skyvu,http://home.pl,6732 Atwood Alley,,167-154-0551,true,23/03/2022,25/08/2022,Kristin Shrieve
Louella,McNirlan,lmcnirlan2q@desdev.cn,Research Nurse,"Hayes, Spencer and Hodkiewicz",Twitterwire,https://blogspot.com,2 Grover Terrace,,816-977-6163,true,06/01/2022,06/10/2022,Louella McNirlan
Phyllis,Petri,ppetri2r@twitpic.com,Accountant IV,Ondricka and Sons,Shufflebeat,https://ucoz.com,6095 Sunbrook Point,,714-248-9427,false,27/06/2022,22/07/2022,Phyllis Petri
Diana,Pedler,dpedler2s@tumblr.com,Executive Secretary,Hammes Inc,Oyope,http://si.edu,78 Eastwood Terrace,,340-314-6620,false,22/02/2023,22/10/2022,Diana Pedler
Alec,Pleasaunce,apleasaunce2t@biglobe.ne.jp,Civil Engineer,Braun and Sons,Twimbo,https://purevolume.com,65530 7th Road,,470-410-2889,false,16/03/2022,09/02/2023,Alec Pleasaunce
Almire,Wallbrook,awallbrook2u@lulu.com,Executive Secretary,Bergnaum and Sons,Photobug,http://cnet.com,2 Lillian Crossing,,474-384-5649,false,09/05/2022,10/10/2022,Almire Wallbrook
Abel,Goodsall,agoodsall2v@cbslocal.com,Chemical Engineer,Streich-McGlynn,Zoovu,https://youtu.be,8 Rockefeller Junction,4337,200-592-2838,false,08/01/2022,20/01/2023,Abel Goodsall
Gaelan,Rops,grops2w@google.com.br,Senior Cost Accountant,Lind-Nienow,Wordify,https://addtoany.com,50173 Brown Street,246-0038,540-507-7601,true,14/02/2023,03/07/2022,Gaelan Rops
Ina,Bayman,ibayman2x@yahoo.co.jp,Legal Assistant,Senger-Tremblay,Twitterbeat,http://myspace.com,41 Dryden Court,,409-180-3162,false,20/09/2022,21/09/2022,Ina Bayman
Maxwell,Glass,mglass2y@ehow.com,Office Assistant II,"Runolfsdottir, O'Hara and Welch",Kazu,http://geocities.com,246 Little Fleur Circle,,474-541-8826,true,20/02/2022,03/04/2022,Maxwell Glass
Mignon,Barnett,mbarnett2z@tmall.com,Nuclear Power Engineer,Okuneva-Hegmann,Kayveo,http://shop-pro.jp,3293 Kinsman Street,,852-922-5076,false,28/08/2022,23/03/2022,Mignon Barnett
Juanita,Streather,jstreather30@sphinn.com,Senior Financial Analyst,Bashirian LLC,Agivu,http://clickbank.net,49 Lindbergh Center,7031,978-760-5681,true,10/02/2022,23/11/2022,Juanita Streather
Boyce,Oddy,boddy31@soundcloud.com,Information Systems Manager,Hermann-Wintheiser,Chatterbridge,http://accuweather.com,04302 Green Pass,40602,277-997-3487,false,02/02/2022,11/11/2022,Boyce Oddy
Catlaina,Bennetto,cbennetto32@flickr.com,Desktop Support Technician,Volkman-Kessler,Vimbo,http://yahoo.co.jp,5 Sunfield Circle,,330-200-9849,true,30/11/2022,22/11/2022,Catlaina Bennetto
Lotti,Pellissier,lpellissier33@wufoo.com,Clinical Specialist,"Okuneva, Wilkinson and Feil",Myworks,http://amazon.de,46565 Melrose Way,,700-566-6651,true,19/03/2022,04/08/2022,Lotti Pellissier
Fraser,Kolushev,fkolushev34@alibaba.com,Clinical Specialist,Ritchie-Kris,Quamba,http://surveymonkey.com,12595 1st Way,,270-395-3582,true,18/06/2022,17/05/2022,Fraser Kolushev
Stephannie,Redmore,sredmore35@multiply.com,Executive Secretary,"Becker, Dickinson and Gorczany",Tagtune,http://nyu.edu,79 Manufacturers Road,,367-433-9196,true,25/03/2023,07/10/2022,Stephannie Redmore
Helena,Dorgon,hdorgon36@cnet.com,Clinical Specialist,"Hegmann, Purdy and Bruen",Divanoodle,http://ftc.gov,3 Lukken Hill,77705,409-224-4902,true,16/12/2022,01/09/2022,Helena Dorgon
Loralyn,Collymore,lcollymore37@deviantart.com,Analog Circuit Design manager,"Rogahn, Greenfelder and Anderson",Livefish,http://oracle.com,351 Susan Pass,40000-000,582-657-2036,false,27/10/2022,28/11/2022,Loralyn Collymore
Gavra,Form,gform38@yellowpages.com,Staff Scientist,"Kiehn, Kutch and Schaden",Rhyloo,https://simplemachines.org,364 Holmberg Crossing,,778-320-9863,false,05/11/2022,27/03/2022,Gavra Form
Janeva,Scaice,jscaice39@un.org,Account Coordinator,Hane-Volkman,Dabvine,http://cafepress.com,3 Carberry Parkway,437 92,641-564-2391,true,02/12/2022,07/04/2022,Janeva Scaice
Tudor,Gover,tgover3a@amazon.co.jp,Chemical Engineer,Fay-Kling,Topicstorm,http://omniture.com,169 Dottie Street,83450,648-507-2232,false,28/05/2022,26/04/2022,Tudor Gover
Maurita,Grimsdale,mgrimsdale3b@squidoo.com,Mechanical Systems Engineer,"Senger, Donnelly and White",Skippad,http://nature.com,4 Jana Center,905-0003,802-181-9516,false,17/03/2023,18/06/2022,Maurita Grimsdale
Benjy,Micka,bmicka3c@oakley.com,Sales Representative,"Rodriguez, Welch and Rosenbaum",Wikivu,http://time.com,9379 Colorado Way,691 21,433-790-6002,false,15/08/2022,26/07/2022,Benjy Micka
Antonietta,Nulty,anulty3d@yahoo.com,Pharmacist,Lakin Inc,Youspan,http://etsy.com,60 Corry Park,,748-524-9553,false,15/08/2022,26/01/2022,Antonietta Nulty
Joan,Sissons,jsissons3e@yellowpages.com,Environmental Specialist,Pacocha-Casper,Avamba,http://uol.com.br,0 Browning Street,,705-533-1440,true,01/07/2022,06/02/2022,Joan Sissons
Ange,MacGillicuddy,amacgillicuddy3f@themeforest.net,Nurse,Jast LLC,Skidoo,http://reference.com,3195 Golf Course Court,,871-173-0641,false,21/02/2022,12/04/2022,Ange MacGillicuddy
Justine,Kilminster,jkilminster3g@g.co,Project Manager,Ullrich and Sons,Voolith,http://myspace.com,39 Hallows Court,,536-786-5257,false,14/02/2023,23/05/2022,Justine Kilminster
Mavra,Kerner,mkerner3h@constantcontact.com,Chief Design Engineer,"Howe, Hudson and Reichert",Wikivu,https://archive.org,92631 Drewry Terrace,,961-379-4529,false,21/01/2022,20/08/2022,Mavra Kerner
Lazare,Chimes,lchimes3i@springer.com,Administrative Officer,Walker-Emard,Teklist,http://clickbank.net,3277 Hovde Center,21704 CEDEX,784-218-4153,true,25/03/2023,23/01/2022,Lazare Chimes
Josy,Ghidelli,jghidelli3j@angelfire.com,Design Engineer,Hagenes LLC,Livetube,https://hhs.gov,55539 Kipling Junction,,543-412-4408,false,18/01/2023,28/05/2022,Josy Ghidelli
Alvina,Mabbott,amabbott3k@wikispaces.com,Accounting Assistant IV,Brown-Greenholt,Mynte,https://yale.edu,647 Caliangt Park,11803,647-125-3358,true,01/02/2022,20/02/2023,Alvina Mabbott
Vern,Paunsford,vpaunsford3l@independent.co.uk,Media Manager I,"Kerluke, Watsica and Strosin",Wordify,https://auda.org.au,3686 Acker Terrace,47-450,330-911-8729,false,11/10/2022,28/09/2022,Vern Paunsford
Selestina,Schnitter,sschnitter3m@usnews.com,Occupational Therapist,Rutherford-Lebsack,Skiba,https://vkontakte.ru,2 Sunnyside Point,,207-171-0085,true,23/01/2022,22/03/2023,Selestina Schnitter
Emelda,Gorelli,egorelli3n@google.com,Director of Sales,"Gutmann, Robel and Hettinger",Babbleopia,http://privacy.gov.au,164 Grim Point,8470,549-963-8807,true,04/04/2023,13/02/2022,Emelda Gorelli
Nat,Robley,nrobley3o@tripadvisor.com,Information Systems Manager,"Erdman, Anderson and Runte",Bubblemix,https://tumblr.com,138 Fairview Center,,921-878-0792,true,08/10/2022,20/09/2022,Nat Robley
Ludovico,Mac Giany,lmac3p@prweb.com,Actuary,Hudson Inc,Divape,http://howstuffworks.com,89347 Fallview Road,185035,281-469-4534,false,12/01/2022,07/06/2022,Ludovico Mac Giany
Wald,Heister,wheister3q@symantec.com,Food Chemist,Rowe LLC,Tagfeed,https://pinterest.com,5 Forest Dale Pass,,493-574-4636,true,14/05/2022,11/02/2022,Wald Heister
Donielle,Hassett,dhassett3r@ocn.ne.jp,Financial Advisor,"Brakus, McGlynn and Kessler",Babbleopia,https://fotki.com,65942 Manitowish Place,58280-000,600-217-5528,false,22/11/2022,01/04/2023,Donielle Hassett
Hayley,Skynner,hskynner3s@joomla.org,Pharmacist,Hudson-Schumm,Quatz,https://t-online.de,1 Schlimgen Plaza,,339-641-7973,false,03/04/2023,26/04/2022,Hayley Skynner
Irena,Ney,iney3t@purevolume.com,Account Coordinator,Zboncak-Medhurst,Quinu,https://timesonline.co.uk,3 Hagan Place,6060-089,369-934-4469,false,21/09/2022,06/10/2022,Irena Ney
Robinet,Rous,rrous3u@technorati.com,Assistant Media Planner,Cormier LLC,Quinu,http://dion.ne.jp,67148 Northridge Drive,,418-126-1806,true,24/03/2023,15/05/2022,Robinet Rous
Kennan,Arstingall,karstingall3v@arstechnica.com,Research Nurse,Bauch-Weimann,Twinder,http://smh.com.au,323 Almo Pass,20010,864-557-8394,false,16/09/2022,09/08/2022,Kennan Arstingall
Hilliary,Canero,hcanero3w@cbsnews.com,Food Chemist,"Little, Von and Auer",Dynabox,https://vimeo.com,45742 Orin Court,,742-750-1763,true,30/03/2022,16/10/2022,Hilliary Canero
Walton,Davion,wdavion3x@1688.com,Accounting Assistant III,Zemlak-Jenkins,Eire,http://scribd.com,2 Rigney Circle,4503,356-438-4916,false,05/03/2023,13/03/2022,Walton Davion
Katharyn,Dulton,kdulton3y@storify.com,Senior Editor,Klocko-Lueilwitz,Zoomcast,http://dagondesign.com,4 Hovde Trail,366134,191-199-6592,false,28/05/2022,14/07/2022,Katharyn Dulton
Adrien,Kinleyside,akinleyside3z@wufoo.com,Civil Engineer,Crooks-Marquardt,Buzzdog,http://uiuc.edu,9981 Heath Park,309924,153-248-0856,false,21/05/2022,24/01/2023,Adrien Kinleyside
Elaina,Louys,elouys40@nih.gov,Community Outreach Specialist,"Windler, Graham and Brown",Gigashots,http://ucla.edu,98 Farragut Avenue,,364-983-5522,true,09/01/2022,26/03/2022,Elaina Louys
Patty,Burnsyde,pburnsyde41@over-blog.com,Product Engineer,"Brekke, Mohr and Mayert",Voolith,http://va.gov,8 Florence Lane,,325-374-5628,false,05/04/2023,30/12/2022,Patty Burnsyde
Vic,Whitnall,vwhitnall42@typepad.com,VP Quality Control,McKenzie Group,Skajo,http://oaic.gov.au,473 Pankratz Street,,391-161-3446,false,07/10/2022,25/03/2022,Vic Whitnall
Kalindi,Pride,kpride43@amazon.co.jp,Help Desk Operator,"Schneider, Gerlach and Zemlak",Skipstorm,http://techcrunch.com,33 Hoffman Parkway,,146-847-6020,true,01/04/2023,14/06/2022,Kalindi Pride
Michaella,Reams,mreams44@ucoz.ru,Database Administrator I,Marks LLC,Reallinks,https://netvibes.com,978 Pleasure Lane,,957-197-2449,true,06/06/2022,23/06/2022,Michaella Reams
De,MacNamara,dmacnamara45@twitpic.com,Actuary,Parisian-Shanahan,Flashset,http://sakura.ne.jp,561 Independence Trail,,137-443-8213,true,12/10/2022,21/09/2022,De MacNamara
